{"cameraMode":{"drawMode":0,"name":"Shaded","section":"Shading Mode"},"sceneLighting":false,"audioPlay":false,"sceneViewState":{"showFog":true,"showMaterialUpdate":false,"showSkybox":false,"showFlares":true,"showImageEffects":true,"showParticleSystems":true},"in2DMode":false,"pivot":{"x":0.24763867259025575,"y":0.3945629596710205,"z":0.2288200855255127},"rotation":{"x":0.05917935073375702,"y":0.7357547283172607,"z":-0.06483861058950424,"w":0.6715349555015564},"size":0.5843642950057983,"orthographic":false}