{"cameraMode":{"drawMode":0,"name":"Shaded","section":"Shading Mode"},"sceneLighting":true,"audioPlay":false,"sceneViewState":{"showFog":true,"showMaterialUpdate":false,"showSkybox":true,"showFlares":true,"showImageEffects":true,"showParticleSystems":true},"in2DMode":false,"pivot":{"x":-5.639706611633301,"y":-1.616874098777771,"z":-13.792861938476563},"rotation":{"x":-0.14492221176624299,"y":0.6074790358543396,"z":-0.11392302811145783,"w":-0.7726611495018005},"size":5.185583114624023,"orthographic":false}